Расчётная таблица к отчёту об оценке ЦПФСР;редакция 2;07.09.2026;;;;;
Источник значений;03_Финансовая_модель/Модель/assumptions.json;собрано программно;;;;;
;;;;;;;
Параметр;Источник;Значение;Единица;Дата актуальности
Ключевая ставка Банка России;cbr.ru;14,00;%;07.09.2026
Доходность 10Y ОФЗ;рыночные данные;14,73;%;21.05.2026
USD/RUB официальный;cbr.ru;71,5500;RUB/USD;26.05.2026
Премия за рыночный риск (ERP);Damodaran;8,13;%;январь 2026
Бета (финансовые услуги);Damodaran;1,15;-;январь 2026
Премия за стадию;IPEV;2,50;%;07.09.2026
Премия за неликвидность;IPEV;3,00;%;07.09.2026
Ставка дисконтирования;расчёт;29,58;%;07.09.2026
Налог на прибыль;176-ФЗ от 12.07.2024;25;%;с 01.01.2025
;;;;;;;
Базовый сценарий;Год;Выручка_млрд_руб;Расходы_млрд_руб;EBITDA_млрд_руб;EBITDA_маржа;CapEx_млрд_руб;Поток_млрд_руб
Base;2027;0,00;0,72;-0,72;-;0,30;-1,02
Base;2028;1,31;1,50;-0,19;-14,9%;0,42;-0,68
Base;2029;6,52;2,96;3,56;54,6%;0,40;2,31
Base;2030;17,79;5,78;12,01;67,5%;0,55;7,95
Base;2031;39,02;10,83;28,19;72,3%;1,80;18,41
Base;2032;56,86;15,09;41,77;73,5%;2,40;28,24
Base;2033;76,69;19,83;56,86;74,1%;1,60;40,32
Base;2034;98,35;25,01;73,34;74,6%;1,80;52,44
Base;2035;120,87;30,33;90,55;74,9%;2,30;64,87
Base;2036;142,61;35,50;107,11;75,1%;2,00;77,69
Сумма потока 2027-2036;;;;;;;290,54
;;;;;;;
Дисконтирование;Год;t;Поток_млрд_руб;Дисконт-фактор;Дисконтированный_поток_млрд_руб
;2027;1;-1,02;0,7717;-0,79
;2028;2;-0,68;0,5956;-0,41
;2029;3;2,31;0,4596;1,06
;2030;4;7,95;0,3547;2,82
;2031;5;18,41;0,2737;5,04
;2032;6;28,24;0,2112;5,97
;2033;7;40,32;0,1630;6,57
;2034;8;52,44;0,1258;6,60
;2035;9;64,87;0,0971;6,30
;2036;10;77,69;0,0749;5,82
Сумма дисконтированных потоков;;;;;38,99
;;;;;;;
Терминальная стоимость;Метод;Гордон на нормализованном потоке;g;4%;;;
;Нормализованный поток, млрд руб;78,71;;;;;
;Терминальная стоимость, млрд руб;320,0;;;;;
;Дисконтированная, млрд руб;23,98;;;;;
;Доля в стоимости бизнеса;38%;;;;;
;;;;;;;
Стоимость бизнеса;млрд руб;62,97;млн USD;880;;;
Внутренняя норма доходности проекта;182,1%;;;;;;
Окупаемость простая;2,73;лет;;;;;
Окупаемость дисконтированная;3,05;лет;;;;;
Пиковая потребность в финансировании;1701;млн руб;;;;;
;;;;;;;
Свёртка подходов;Подход;До скидки_млн_USD;Скидка применена;После скидки_млн_USD;Вес;Вклад_млн_USD
;Доходный (DCF);880;да;352;35%;123,2
;Сравнительный (мультипликаторы);380;нет;380;30%;114,0
;Скорректированный Беркус;35;нет;35;25%;8,8
;Затратный (восстановительная стоимость);20;нет;20;10%;2,0
Стоимость входа (pre-money);;;;;;248
Стоимость входа, млрд руб;;;;;;17,74
;;;;;;;
Структура раунда;Pre-money_млн_USD;248;Раунд_млн_USD;25;Post-money_млн_USD;273;Доля_инвестора
;;;;;;;9,21%
;;;;;;;
Сценарии;Сценарий;Доля рынка год 10;Вес;Стоимость бизнеса_млрд_руб;Выручка год 10_млрд_руб
;Консервативный;7%;15%;20,07;56,16
;Базовый;18%;55%;62,97;142,61
;Оптимистичный;25%;30%;90,24;197,63
Ожидаемое значение;;;;64,71;
;;;;;;;
Имитационное моделирование;Итераций;2000;Зерно;20260907;;;
;P5;14,7;млрд руб;;;;
;P10;18,5;млрд руб;;;;
;P25;26,8;млрд руб;;;;
;Медиана;39,2;млрд руб;;;;
;P75;52,9;млрд руб;;;;
;P90;65,8;млрд руб;;;;
;P95;73,5;млрд руб;;;;
;Вероятность стоимости выше 50 млрд руб;29,6%;;;;;
;Вероятность отрицательной стоимости;0,0%;;;;;
